{
  "n": 120,
  "seed": 0,
  "threshold": 0.6,
  "main": {
    "semantic_rag": {
      "recall@3": {
        "mean": 0.32166666666666666,
        "std": 0.13489708011006843
      },
      "recall@5": {
        "mean": 0.43,
        "std": 0.10214368964029706
      },
      "recall@10": {
        "mean": 0.755,
        "std": 0.15591129956912467
      },
      "causal@5": {
        "mean": 0.13055555555555554,
        "std": 0.17896737408716237
      },
      "semantic@5": {
        "mean": 0.8791666666666667,
        "std": 0.2581652679109945
      },
      "root_mrr": {
        "mean": 0.14155150405150405,
        "std": 0.1460299550154286
      },
      "root_rank": {
        "mean": 10.308333333333334,
        "std": 4.114599683511818
      }
    },
    "episodic": {
      "recall@3": {
        "mean": 0.016666666666666666,
        "std": 0.055277079839256664
      },
      "recall@5": {
        "mean": 0.07500000000000001,
        "std": 0.10665364503850772
      },
      "recall@10": {
        "mean": 0.7033333333333334,
        "std": 0.13900439641328696
      },
      "causal@5": {
        "mean": 0.01111111111111111,
        "std": 0.059835164523716705
      },
      "semantic@5": {
        "mean": 0.17083333333333334,
        "std": 0.25409835147482207
      },
      "root_mrr": {
        "mean": 0.08208226958226958,
        "std": 0.012129107075488844
      },
      "root_rank": {
        "mean": 12.441666666666666,
        "std": 1.769160975026172
      }
    },
    "causal_only": {
      "recall@3": {
        "mean": 0.6,
        "std": 0.0
      },
      "recall@5": {
        "mean": 0.6783333333333333,
        "std": 0.10422998075836383
      },
      "recall@10": {
        "mean": 0.85,
        "std": 0.127148207485071
      },
      "causal@5": {
        "mean": 1.0,
        "std": 0.0
      },
      "semantic@5": {
        "mean": 0.19583333333333333,
        "std": 0.2605749518959095
      },
      "root_mrr": {
        "mean": 0.3173611111111111,
        "std": 0.03280101577394317
      },
      "root_rank": {
        "mean": 3.191666666666667,
        "std": 0.3936121892873181
      }
    },
    "graph_ppr": {
      "recall@3": {
        "mean": 0.5333333333333333,
        "std": 0.09428090415820632
      },
      "recall@5": {
        "mean": 0.7366666666666667,
        "std": 0.2016322284644882
      },
      "recall@10": {
        "mean": 0.9583333333333334,
        "std": 0.10922708251873962
      },
      "causal@5": {
        "mean": 0.8972222222222223,
        "std": 0.15393501113886013
      },
      "semantic@5": {
        "mean": 0.49583333333333335,
        "std": 0.42079207718565975
      },
      "root_mrr": {
        "mean": 0.22372354497354496,
        "std": 0.06959053385251794
      },
      "root_rank": {
        "mean": 4.916666666666667,
        "std": 1.5087706548342226
      }
    },
    "tcmf_mult": {
      "recall@3": {
        "mean": 0.25333333333333335,
        "std": 0.1407914138796192
      },
      "recall@5": {
        "mean": 0.3066666666666667,
        "std": 0.13888444437333106
      },
      "recall@10": {
        "mean": 0.8716666666666667,
        "std": 0.09590214920543866
      },
      "causal@5": {
        "mean": 0.39166666666666666,
        "std": 0.1908193832843955
      },
      "semantic@5": {
        "mean": 0.17916666666666667,
        "std": 0.2565462379810357
      },
      "root_mrr": {
        "mean": 0.09005642505642505,
        "std": 0.010797104833437019
      },
      "root_rank": {
        "mean": 11.275,
        "std": 1.4373731828118494
      }
    },
    "tcmf_add": {
      "recall@3": {
        "mean": 0.575,
        "std": 0.06614378277661476
      },
      "recall@5": {
        "mean": 0.64,
        "std": 0.0840634680861233
      },
      "recall@10": {
        "mean": 1.0,
        "std": 0.0
      },
      "causal@5": {
        "mean": 0.9944444444444445,
        "std": 0.042673031932603384
      },
      "semantic@5": {
        "mean": 0.10833333333333334,
        "std": 0.20598678490513792
      },
      "root_mrr": {
        "mean": 0.3029265873015873,
        "std": 0.0476884157032287
      },
      "root_rank": {
        "mean": 3.4166666666666665,
        "std": 0.7701010034765281
      }
    },
    "tcmf_shipped": {
      "recall@3": {
        "mean": 0.5383333333333333,
        "std": 0.09931711276959719
      },
      "recall@5": {
        "mean": 0.6,
        "std": 0.12382783747337807
      },
      "recall@10": {
        "mean": 1.0,
        "std": 0.0
      },
      "causal@5": {
        "mean": 0.9222222222222222,
        "std": 0.1474055462380178
      },
      "semantic@5": {
        "mean": 0.11666666666666667,
        "std": 0.21147629234082535
      },
      "root_mrr": {
        "mean": 0.9625,
        "std": 0.13169567191065923
      },
      "root_rank": {
        "mean": 1.075,
        "std": 0.26339134382131846
      }
    },
    "tcmf_rrf": {
      "recall@3": {
        "mean": 0.2783333333333333,
        "std": 0.10738042445229744
      },
      "recall@5": {
        "mean": 0.4633333333333333,
        "std": 0.1210601319822325
      },
      "recall@10": {
        "mean": 0.8533333333333334,
        "std": 0.11469767022723501
      },
      "causal@5": {
        "mean": 0.6444444444444444,
        "std": 0.1862561623804468
      },
      "semantic@5": {
        "mean": 0.19166666666666668,
        "std": 0.25967394084804807
      },
      "root_mrr": {
        "mean": 0.14417478354978355,
        "std": 0.031099439948174965
      },
      "root_rank": {
        "mean": 7.258333333333334,
        "std": 1.5572188528127815
      }
    }
  },
  "dropout_curve": {
    "0.0": {
      "semantic_rag": 0.755,
      "causal_only": 0.85,
      "tcmf_add": 1.0
    },
    "0.5": {
      "semantic_rag": 0.755,
      "causal_only": 0.7066666666666667,
      "tcmf_add": 0.7483333333333334
    },
    "1.0": {
      "semantic_rag": 0.755,
      "causal_only": 0.6416666666666667,
      "tcmf_add": 0.7033333333333334
    }
  }
}