{
  "n": 60,
  "seed": 0,
  "model": "qwen2.5:3b-instruct",
  "k": 5,
  "threshold": 0.6,
  "methods": {
    "semantic_rag": {
      "decision_acc": {
        "mean": 0.35,
        "std": 0.47696960070847283
      },
      "causal@5": {
        "mean": 0.12222222222222222,
        "std": 0.17177360926378119
      }
    },
    "episodic": {
      "decision_acc": {
        "mean": 0.25,
        "std": 0.4330127018922193
      },
      "causal@5": {
        "mean": 0.016666666666666666,
        "std": 0.07264831572567788
      }
    },
    "causal_only": {
      "decision_acc": {
        "mean": 0.85,
        "std": 0.3570714214271425
      },
      "causal@5": {
        "mean": 1.0,
        "std": 0.0
      }
    },
    "graph_ppr": {
      "decision_acc": {
        "mean": 0.7833333333333333,
        "std": 0.41197356981027583
      },
      "causal@5": {
        "mean": 0.9,
        "std": 0.1527525231651947
      }
    },
    "tcmf_mult": {
      "decision_acc": {
        "mean": 0.5,
        "std": 0.5
      },
      "causal@5": {
        "mean": 0.4222222222222222,
        "std": 0.2006163342807532
      }
    },
    "tcmf_add": {
      "decision_acc": {
        "mean": 0.8333333333333334,
        "std": 0.37267799624996495
      },
      "causal@5": {
        "mean": 0.9888888888888889,
        "std": 0.05983516452371672
      }
    },
    "tcmf_shipped": {
      "decision_acc": {
        "mean": 0.9666666666666667,
        "std": 0.17950549357115014
      },
      "causal@5": {
        "mean": 0.9277777777777778,
        "std": 0.1502056203843975
      }
    },
    "tcmf_rrf": {
      "decision_acc": {
        "mean": 0.55,
        "std": 0.49749371855331
      },
      "causal@5": {
        "mean": 0.6277777777777778,
        "std": 0.17311596056536535
      }
    }
  },
  "controls": {
    "no_retrieval": {
      "decision_acc": {
        "mean": 0.31666666666666665,
        "std": 0.46517619123176207
      }
    },
    "oracle": {
      "decision_acc": {
        "mean": 0.95,
        "std": 0.21794494717703367
      }
    }
  }
}