{
  "config": {
    "dim": 64,
    "n_topics": 24,
    "chain_len": 4,
    "n_semantic_gold": 2,
    "n_distractors": 6,
    "n_noise": 8,
    "edge_dropout": 0.0,
    "alpha_event": 0.95,
    "alpha_causal_gold": 0.9,
    "alpha_query": 0.9,
    "alpha_semantic_gold": 0.92,
    "alpha_distractor": 0.6,
    "max_mem_per_citizen": 8,
    "imp_distractor": [
      7.0,
      9.0
    ],
    "imp_causal_gold": [
      4.0,
      7.0
    ],
    "imp_semantic_gold": [
      4.0,
      7.0
    ],
    "imp_noise": [
      2.0,
      5.0
    ],
    "tick_span": 80
  },
  "n": 300,
  "seed": 0,
  "main": {
    "semantic_rag": {
      "recall@3": {
        "mean": 0.4,
        "std": 0.0
      },
      "recall@5": {
        "mean": 0.4,
        "std": 0.0
      },
      "recall@10": {
        "mean": 0.5086666666666667,
        "std": 0.12244000798577054
      },
      "causal@5": {
        "mean": 0.0,
        "std": 0.0
      },
      "semantic@5": {
        "mean": 1.0,
        "std": 0.0
      },
      "root_mrr": {
        "mean": 0.07681873457066955,
        "std": 0.017818919426549874
      },
      "root_rank": {
        "mean": 13.713333333333333,
        "std": 3.0644992340602006
      }
    },
    "episodic": {
      "recall@3": {
        "mean": 0.2,
        "std": 0.1336662510384228
      },
      "recall@5": {
        "mean": 0.29533333333333334,
        "std": 0.11935195385450918
      },
      "recall@10": {
        "mean": 0.5493333333333333,
        "std": 0.12582880786564293
      },
      "causal@5": {
        "mean": 0.0,
        "std": 0.0
      },
      "semantic@5": {
        "mean": 0.7383333333333333,
        "std": 0.29837988463627296
      },
      "root_mrr": {
        "mean": 0.06971188550871213,
        "std": 0.011656811241127319
      },
      "root_rank": {
        "mean": 14.71,
        "std": 2.229925260331984
      }
    },
    "causal_only": {
      "recall@3": {
        "mean": 0.5993333333333333,
        "std": 0.011527744310527053
      },
      "recall@5": {
        "mean": 0.652,
        "std": 0.09217374897442332
      },
      "recall@10": {
        "mean": 0.7866666666666667,
        "std": 0.13695092389449426
      },
      "causal@5": {
        "mean": 1.0,
        "std": 0.0
      },
      "semantic@5": {
        "mean": 0.13,
        "std": 0.23043437243605824
      },
      "root_mrr": {
        "mean": 0.33305555555555555,
        "std": 0.004803226796052939
      },
      "root_rank": {
        "mean": 3.0033333333333334,
        "std": 0.057638721552635275
      }
    },
    "graph_ppr": {
      "recall@3": {
        "mean": 0.6,
        "std": 0.0
      },
      "recall@5": {
        "mean": 0.8,
        "std": 0.0
      },
      "recall@10": {
        "mean": 0.8006666666666667,
        "std": 0.011527744310527053
      },
      "causal@5": {
        "mean": 0.6666666666666666,
        "std": 0.0
      },
      "semantic@5": {
        "mean": 1.0,
        "std": 0.0
      },
      "root_mrr": {
        "mean": 0.08983022533022533,
        "std": 0.0030993949117453217
      },
      "root_rank": {
        "mean": 11.146666666666667,
        "std": 0.42247945380679625
      }
    },
    "tcmf_mult": {
      "recall@3": {
        "mean": 0.22466666666666668,
        "std": 0.1387739969238554
      },
      "recall@5": {
        "mean": 0.33066666666666666,
        "std": 0.13853840221717909
      },
      "recall@10": {
        "mean": 0.7366666666666667,
        "std": 0.09723968097209884
      },
      "causal@5": {
        "mean": 0.07666666666666666,
        "std": 0.14289338164701162
      },
      "semantic@5": {
        "mean": 0.7116666666666667,
        "std": 0.3071870584658294
      },
      "root_mrr": {
        "mean": 0.07638355217766983,
        "std": 0.010818809689717844
      },
      "root_rank": {
        "mean": 13.356666666666667,
        "std": 1.892825636155874
      }
    },
    "tcmf_add": {
      "recall@3": {
        "mean": 0.5993333333333333,
        "std": 0.011527744310527053
      },
      "recall@5": {
        "mean": 0.75,
        "std": 0.11902380714238085
      },
      "recall@10": {
        "mean": 0.9793333333333334,
        "std": 0.060878750169679245
      },
      "causal@5": {
        "mean": 1.0,
        "std": 0.0
      },
      "semantic@5": {
        "mean": 0.375,
        "std": 0.2975595178559521
      },
      "root_mrr": {
        "mean": 0.33305555555555555,
        "std": 0.004803226796052939
      },
      "root_rank": {
        "mean": 3.0033333333333334,
        "std": 0.057638721552635275
      }
    },
    "tcmf_shipped": {
      "recall@3": {
        "mean": 0.5146666666666667,
        "std": 0.09891859728528749
      },
      "recall@5": {
        "mean": 0.6726666666666666,
        "std": 0.14578370584152706
      },
      "recall@10": {
        "mean": 0.9453333333333334,
        "std": 0.08913410620457742
      },
      "causal@5": {
        "mean": 0.8255555555555555,
        "std": 0.16648508627086478
      },
      "semantic@5": {
        "mean": 0.44333333333333336,
        "std": 0.31642095730564723
      },
      "root_mrr": {
        "mean": 0.9983333333333333,
        "std": 0.028819360776317637
      },
      "root_rank": {
        "mean": 1.0033333333333334,
        "std": 0.057638721552635275
      }
    },
    "tcmf_rrf": {
      "recall@3": {
        "mean": 0.3526666666666667,
        "std": 0.13475739517946891
      },
      "recall@5": {
        "mean": 0.566,
        "std": 0.14344801613592756
      },
      "recall@10": {
        "mean": 0.928,
        "std": 0.10399999999999998
      },
      "causal@5": {
        "mean": 0.61,
        "std": 0.16367311596254558
      },
      "semantic@5": {
        "mean": 0.5,
        "std": 0.31622776601683794
      },
      "root_mrr": {
        "mean": 0.13955892255892255,
        "std": 0.029055937052288216
      },
      "root_rank": {
        "mean": 7.433333333333334,
        "std": 1.3609637108395736
      }
    }
  },
  "lambda_tradeoff": {
    "additive l=0.5": {
      "recall@3": {
        "mean": 0.21866666666666668,
        "std": 0.13826865958062307
      },
      "recall@5": {
        "mean": 0.326,
        "std": 0.13561219217558082
      },
      "recall@10": {
        "mean": 0.768,
        "std": 0.07332121111929346
      },
      "causal@5": {
        "mean": 0.06666666666666667,
        "std": 0.13333333333333333
      },
      "semantic@5": {
        "mean": 0.715,
        "std": 0.3048633573696036
      },
      "root_mrr": {
        "mean": 0.0789595630404454,
        "std": 0.009397904525291106
      },
      "root_rank": {
        "mean": 12.853333333333333,
        "std": 1.5995277080716324
      }
    },
    "additive l=1": {
      "recall@3": {
        "mean": 0.364,
        "std": 0.12343959386409747
      },
      "recall@5": {
        "mean": 0.48133333333333334,
        "std": 0.14347434923668023
      },
      "recall@10": {
        "mean": 0.8,
        "std": 0.0
      },
      "causal@5": {
        "mean": 0.4066666666666666,
        "std": 0.14334625264773457
      },
      "semantic@5": {
        "mean": 0.5933333333333334,
        "std": 0.32345358588555206
      },
      "root_mrr": {
        "mean": 0.08715478965478965,
        "std": 0.005640540151636486
      },
      "root_rank": {
        "mean": 11.526666666666667,
        "std": 0.8181007816209986
      }
    },
    "additive l=2": {
      "recall@3": {
        "mean": 0.4806666666666667,
        "std": 0.09811331317523743
      },
      "recall@5": {
        "mean": 0.6046666666666667,
        "std": 0.1360571775231118
      },
      "recall@10": {
        "mean": 0.8433333333333334,
        "std": 0.08239471396205515
      },
      "causal@5": {
        "mean": 0.6788888888888889,
        "std": 0.06264735715115756
      },
      "semantic@5": {
        "mean": 0.49333333333333335,
        "std": 0.336584148303049
      },
      "root_mrr": {
        "mean": 0.1036029341029341,